実際,Actually
宇宙人,Alien
分解,Analysis
得体,Character
検査,Checkup
布地,Cloth
理解,Comprehension
強制,Compulsory
条件,Condition
確認,Confirmation
保守主義,Conservative
建設,Construction
批判,Criticism
評論,Critique
定義,Definition
任務,Duty
経済,Economy
選挙,Election
審査,Examination
解説,Explanation
評判,Fame
履き物,Footwear
資金,Funds
資本,Funds
事件,Incident
増加,Increase
国際,International
投資,Investment
主義,Ism
判断,Judgement
審判,Judgment
正義,Justice
心得,Knowledge
素敵,Lovely
資料,Material
義務,Obligation
事務所,Office
楽天主義,Optimism
任意,Optional
総合,Overall
参加者,Participant
企画,Plan
手続き,Procedure
公設,Public
反省,Reconsideration
責任,Responsibility
派手,Showy
解決,Solution
容疑者,Suspect
制度,System
税金,Tax
条約,Treaty
制服,Uniform
無敵,Unrivaled
口笛,Whistling
素晴らしい,Wonderful
副詞,Adverb
応援,Aid
待機,Alert
評価,Appraisal
援助,Assistance
態度,Attitude
観客,Audience
赤ん坊,Baby
誕生,Birth
失態,Blunder
区域,Boundary
状態,Condition
消費,Consumption
大勢,Crowd
脱線,Digression
領域,Domain
各々,Each
各〜,Each
費用,Expenses
勢い,Force
案内,Guide
観念,Idea
不可能,Impossible
産業,Industry
勢力,Influence
指示,Instructions
対応,Interaction
坊さん,Monk
昼寝,Nap
機会,Opportunity
寝坊,Oversleep
過去,Past
変態,Pervert
政策,Policy
位置,Position
姿勢,Posture
提出,Presentation
大統領,President
物価,Prices
価格,Price
私営,Private
提案,Proposition
公営,Public
受領書,Receipt
地域,Region
観光,Sightseeing
主観,Subjectivity
副題,Subtitle
支援,Support
尻尾,Tail
一応,Tentatively
領土,Territory
お手洗い,Toilet
伝統,Tradition
面倒臭い,Troublesome
案外,Unexpectedly
統合,Unification
価値,Value
被害者,Victim
吸収,Absorption
演技,Acting
俳優,Actor
男優,Actor
現に,Actually
弁護士,Attorney
優勝,Championship
委員会,Committee
了解,Comprehension
医師,Doctor
住宅,Dwelling
経済的,Economic
経済学,Economics
有職,Employed
表現,Expression
贅沢,Extravagant
反則,Foul
優しい,Gentle
指導,Guidance
俳句,Haiku
収入,Income
施設,Institution
川崎,Kawasaki
法律,Law
皮革,Leather
牛乳,Milk
長崎,Nagasaki
乳首,Nipple
看護師,Nurse
職業,Occupation
演芸,Performance
上演,Performance
職員,Personnel
準備,Preparations
現在,Present
優先,Priority
割合,Ratio
現実,Reality
領収書,Receipt
辞職,Resignation
革命,Revolution
律動,Rhythm
役割,Role
規則,Rule
規律,Rules
台詞,Speech
基準,Standard
停止,Stoppage
優秀,Superior
教師,Teacher
裁判,Trial
無職,Unemployment
吸血鬼,Vampire
触角,Antenna
誕生日,Birthday
境界,Boundary
負担,Burden
特質,Characteristic
子供,Child
親展,Confidential
記述,Description
違い,Difference
差別,Discrimination
環境,Environment
本質,Essence
輸出,Export
遠視,Farsightedness
燃料,Fuel
祝日,Holiday
自家製,Homemade
交差点,Intersection
法規,Laws
管理,Management
製作,Manufacturing
狭い,Narrow
近視,Nearsightedness
提供,Offer
現象,Phenomenon
所載,Printed
製品,Product
原型,Prototype
質問,Question
記載,Record
販売,Sales
武士,Samurai
規準,Standard
主観的,Subjective
対象,Target
全額,Total
感触,Touch
観光客,Tourist
伝統的,Traditional
典型的,Typical
展開,Unfolding
武器,Weapon
気象,Weather
木製,Wooden
腕時計,Wristwatch
告訴,Accusation
女優,Actress
逮捕,Arrest
賞与金,Bonus
候補者,Candidate
気候,Climate
状況,Condition
習慣,Custom
割引,Discount
反響,Echo
効力,Effectiveness
効率,Efficiency
結構,Fine
前景,Foreground
新鮮,Fresh
含意,Implication
無限,Infinite
影響,Influence
不規則,Irregularity
後輩,Junior
訴訟,Lawsuit
限度,Limit
限定,Limit
限界,Limit
肥料,Manure
金属,Metal
肥満,Obesity
構成,Organization
模様,Pattern
豊か,Plentiful
豊満,Plump
不況,Recession
規則正しい,Regular
隠居,Retirement
革命者,Revolutionary
律動的,Rhythmical
満足,Satisfied
規模,Scale
景色,Scenery
時候,Season
先輩,Senior
光景,Spectacle
期限,Term
家庭教師,Tutor
鮮やか,Vivid
事故,Accident
針医,Acupuncturist
再び,Again
独り,Alone
人造,Artificial
獣類,Beasts
酒造,Brewing
運河,Canal
お菓子,Candy
特徴,Characteristic
比較,Comparison
お祝い,Congratulation
株式会社,Corporation
気違い,Crazy
創造,Creation
討論,Debate
直接,Direct
障害,Disability
不振,Dullness
従業,Employment
激励,Encouragement
創立,Establishment
激しい,Fierce
河豚,Fugu
氷河,Glacier
保障,Guarantee
輸入,Import
独立,Independence
間接,Indirect
故意,Intention
面接,Interview
河童,Kappa
授業,Lesson
郵便,Mail
故障,Malfunction
管理人,Manager
製造,Manufacturing
読み違い,Misreading
独占,Monopoly
怪物,Monster
従順,Obedient
独創,Originality
鉛筆,Pencil
豚肉,Pork
再建,Rebuilding
回復,Recovery
改造,Remodeling
再開,Reopening
復習,Review
貯金,Savings
無我,Selflessness
独身,Single
刺激,Stimulation
構造,Structure
突然,Suddenly
怪しい,Suspicious
象徴,Symbol
教授,Teaching
再度,Twice
独特,Unique
獣医,Veterinarian
振動,Vibration
違反,Violation
何故,Why
針金,Wire
給与,Allowance
健忘症,Amnesia
南極,Antarctica
野郎,Bastard
長靴,Boots
退屈,Boring
手掛かり,Clue
腰抜け,Coward
濃度,Density
〜症,Disease
効果的,Effective
就業,Employment
極端,Extreme
段々,Gradually
頭痛,Headache
健康,Health
休暇,Holiday
間抜け,Idiot
不眠症,Insomnia
居酒屋,Izakaya
迷路,Maze
組織,Organization
痛い,Painful
極楽,Paradise
迫害,Persecution
圧迫,Pressure
値段,Price
貸し切り,Reserved
引退,Retire
切腹,Seppuku
睡眠,Sleep
眠い,Sleepy
靴下,Socks
段階,Stage
階段,Stairs
構え,Stance
胃痛,Stomachache
迷信,Superstition
供給,Supply
症状,Symptom
誘惑,Temptation
理屈,Theory
濃い,Thick
先端,Tip
迷惑,Trouble
究極,Ultimate
切迫,Urgency
給料,Wages
絶対,Absolutely
進撃,Advance
軍隊,Army
矢印,Arrow
星占い,Astrology
攻撃,Attack
浜辺,Beach
何故なら,Because
有益,Beneficial
幼年時代,Childhood
幼稚,Childish
幼い,Childish
児童,Children
幼児,Children
冷たい,Cold
比較的,Comparatively
憲法,Constitution
反攻,Counterattack
創造的,Creative
程度,Degree
微か,Delicate
絶望,Despair
直接的,Directly
処分,Disposal
移住者,Emigrant
不潔,Filthy
凍結,Freeze
冷凍庫,Freezer
振り仮名,Furigana
博打,Gambling
車庫,Garage
身振り,Gesture
家政婦,Housekeeper
主婦,Housewife
巨大,Huge
移民,Immigration
婦人,Lady
郵便箱,Mailbox
専攻,Major
微生物,Microorganism
移住,Migration
博物館,Museum
逆説,Paradox
並行,Parallel
旅券,Passport
精度,Precision
過程,Process
利益,Profit
清い,Pure
清潔,Pure
記録,Record
登録,Registration
修理,Repair
修辞学,Rhetoric
刺身,Sashimi
日程,Schedule
兵隊,Soldier
精神,Spirit
〜隊,Squad
故に,Therefore
〜券,Ticket
研修,Training
処置,Treatment
我々,We
横浜,Yokohama
省略,Abbreviate
略語,Abbreviation
怒気,Anger
怒り,Anger
面積,Area
添付,Attachment
航空,Aviation
宴会,Banquet
お腹,Belly
黒板,Blackboard
官僚,Bureaucrat
織物,Cloth
倒壊,Collapse
同僚,Colleague
寄付,Contribution
寄与,Contribution
好奇心,Curiosity
締切,Deadline
請求,Demand
要請,Demand
診断,Diagnosis
江戸,Edo
極めて,Extremely
猛〜,Fierce
猛烈,Fierce
腹切り,Harakiri
英雄,Hero
迷い,Hesitation
街道,Highway
腹が減った,Hungry
熱烈,Impassioned
索引,Index
入江,Inlet
乾杯,Kanpai
検索,Lookup
大臣,Minister
居眠り,Nap
航法,Navigation
催告,Notification
痛み止め,Painkiller
請願,Petition
恐怖症,Phobia
綺麗,Pretty
宗教,Religion
貸し,Rental
怖い,Scary
恐ろしい,Scary
宗派,Sect
迷惑メール,Spam
主催,Sponsorship
奇妙,Strange
緊張,Stress
強烈,Strong
大略,Summary
恐怖,Terror
不健康,Unhealthy
緊急,Urgent
催促,Urge
体積,Volume
浮気,Affair
更に,Again
魅力,Allure
変更,Alteration
適当,Appropriate
服飾,Attire
背景,Background
背後,Background
官僚的,Bureaucratic
強盗,Burglary
版権,Copyright
詳しい,Detailed
詳細,Details
博覧会,Exposition
新婚旅行,Honeymoon
照明,Illumination
幼稚園,Kindergarten
欠乏,Lack
結婚,Marriage
騒音,Noise
懐かしい,Nostalgic
撮影,Photoshoot
盗作,Plagiarism
遊び,Play
快い,Pleasant
快適,Pleasant
快感,Pleasure
快楽,Pleasure
貧しい,Poor
貧乏,Poor
延長,Prolonging
程よく,Properly
出版,Publishing
購入,Purchase
購買,Purchasing
押し,Push
更生,Rebirth
更新,Renewal
乏しい,Scarce
精神的,Spiritual
購読,Subscription
体系的,Systematic
切符,Ticket
研修生,Trainee
〜系,Tribe
不詳,Unknown
未婚,Unmarried
不快,Unpleasant
不適,Unsuitable
観覧,Viewing
責,Blame
条,Clause
済,Come To An...
委,Committee
省,Conserve
制,Control
批,Criticism
断,Cut Off
任,Duty
素,Element
敵,Enemy
設,Establish
評,Evaluate
検,Examine
岡,Hill
増,Increase
査,Inspect
判,Judge
審,Judge
件,Matter
際,Occasion
企,Plan
挙,Raise
認,Recognize
資,Resources
義,Righteousness
権,Rights
派,Sect
務,Task
税,Tax
解,Untie
総,Whole
援,Aid
態,Appearance
誕,Birth
状,Condition
賀,Congratula...
各,Each
費,Expense
姿,Figure
勢,Force
示,Indicate
寝,Lie Down
営,Manage
坊,Monk
罰,Penalty
策,Plan
案,Plan
提,Present
置,Put
域,Region
応,Respond
宮,Shinto Shrine
吸,Suck
過,Surpass
領,Territory
脱,Undress
統,Unite
値,Value
価,Value
副,Vice
観,View
藤,Wisteria
呼,Call
崎,Cape
施,Carry Out
城,Castle
護,Defend
鬼,Demon
割,Divide
職,Employment
秀,Excel
俳,Haiku
停,Halt
宅,House
裁,Judge
律,Law
導,Lead
革,Leather
贅,Luxury
乳,Milk
収,Obtain
演,Perform
現,Present Time
備,Provide
則,Rule
規,Standard
準,Standard
張,Stretch
優,Superior
沢,Swamp
師,Teacher
幹,Tree Trunk
看,Watch Over
庁,Agency
額,Amount
腕,Arm
境,Boundary
燃,Burn
担,Carry
祝,Celebrate
届,Deliver
違,Different
差,Distinction
象,Elephant
展,Expand
層,Layer
視,Look At
環,Loop
製,Manufacture
述,Mention
武,Military
型,Model
狭,Narrow
管,Pipe
載,Publish
質,Quality
量,Quantity
販,Sell
供,Servant
肩,Shoulder
株,Stocks
触,Touch
輸,Transport
腰,Waist
慣,Accustomed
居,Alive
逮,Apprehend
票,Ballot
属,Belong
捕,Catch
候,Climate
輩,Comrade
況,Condition
響,Echo
効,Effective
抜,Extract
鮮,Fresh
満,Full
与,Give
掛,Hang
隠,Hide
模,Imitation
含,Include
訟,Lawsuit
限,Limit
肥,Obese
豊,Plentiful
替,Replace
景,Scene
巻,Scroll
捜,Search
構,Set Up
影,Shadow
絞,Strangle
訴,Sue
補,Supplement
渡,Transit
接,Adjoin
再,Again
独,Alone
獣,Beast
菓,Cake
討,Chastise
故,Circumstance
較,Contrast
創,Create
造,Create
往,Depart
励,Encourage
激,Fierce
占,Fortune
障,Hinder
我,I
徴,Indication
授,Instruct
鉛,Lead
郵,Mail
針,Needle
従,Obey
豚,Pork
復,Restore
河,River
貯,Savings
印,Seal
振,Shake
刺,Stab
突,Stab
怪,Suspicious
汗,Sweat
筆,Writing Brush
怒,Angry
昇,Ascend
迷,Astray
招,Beckon
腹,Belly
睡,Drowsy
端,Edge
極,Extreme
郎,Guy
康,Health
健,Healthy
誘,Invite
貸,Lend
惑,Misguided
痛,Pain
退,Retreat
途,Route
給,Salary
就,Settle In
靴,Shoes
眠,Sleep
暇,Spare Time
段,Steps
胃,Stomach
症,Symptom
濃,Thick
締,Tighten
迫,Urge
訪,Visit
織,Weave
悩,Worry
屈,Yield
攻,Aggression
撃,Attack
浜,Beach
綺,Beautiful
益,Benefit
児,Child
憲,Constitution
冷,Cool
処,Deal With
微,Delicate
修,Discipline
博,Exhibition
程,Extent
絶,Extinction
凍,Frozen
巨,Giant
稚,Immature
幼,Infancy
並,Line Up
麗,Lovely
奇,Odd
衆,Populace
潔,Pure
清,Pure
録,Record
逆,Reverse
移,Shift
精,Spirit
隊,Squad
庫,Storage
妙,Strange
券,Ticket
傘,Umbrella
婦,Wife
略,Abbreviation
積,Accumulate
添,Append
寄,Approach
宴,Banquet
板,Board
壊,Break
督,Coach
僚,Colleague
杯,Cup Of Liquid
娘,Daughter
診,Diagnose
乾,Dry
欧,Europe
恐,Fear
猛,Fierce
江,Inlet
韓,Korea
雄,Male
航,Navigation
監,Oversee
宗,Religion
請,Request
怖,Scary
索,Search
臣,Servant
催,Sponsor
街,Street
詰,Stuffed
緊,Tense
閣,The Cabinet
促,Urge
烈,Violent
更,Again
魅,Alluring
背,Back
騒,Boisterous
飾,Decorate
預,Deposit
詳,Detailed
版,Edition
旗,Flag
浮,Float
越,Go Beyond
照,Illuminate
漏,Leak
系,Lineage
覧,Look At
婚,Marriage
懐,Nostalgia
撮,Photograph
枕,Pillow
遊,Play
快,Pleasant
貧,Poor
延,Prolong
押,Push
乏,Scarce
盗,Steal
購,Subscription
適,Suitable
翌,The Following
渇,Thirst
符
フ
Token