驚嘆,Admiration
救急車,Ambulance
平均,Average
ハチの巣,Beehive
用心棒,Bodyguard
解散,Breakup
中華,Chinese
掃除,Cleaning
大陸,Continent
廊下,Corridor
通貨,Currency
既決,Decided
子孫,Descendant
直径,Diameter
離婚,Divorce
編集,Edit
編者,Editor
均等,Equality
除外,Exception
既存,Existing
恐れ,Fear
融資,Financing
貨物,Freight
融合,Fusion
華美,Gaudy
幾何学,Geometry
墓地,Graveyard
真似,Impersonation
豪華,Luxurious
道徳,Morals
普通,Normal
監視,Observation
粉状,Powdered
恐らく,Probably
尋問,Questioning
半径,Radius
探究,Research
経路,Route
恐い,Scary
内偵,Scouting
印鑑,Seal
分離,Segregation
華やか,Showy
嘆息,Sigh
クモの巣,Spiderweb
倉庫,Storehouse
監督,Supervision
均整,Symmetry
徳川,Tokugawa
普段,Usual
野菜,Vegetable
菜食,Vegetarianism
富裕,Wealthy
地帯,Zone
功績,Achievement
賛成,Agreement
先祖,Ancestors
食欲,Appetite
恩人,Benefactor
血液,Blood
火傷,Burn
桜んぼ,Cherry
大騒ぎ,Clamor
押入れ,Closet
複雑,Complicated
便秘,Constipation
複写,Copying
飾り,Decoration
志望,Desire
眼球,Eyeball
老眼,Farsightedness
永久,Forever
永遠,Forever
成績,Grades
祖父,Grandfather
祖母,Grandmother
傷心,Heartbreak
衛生,Hygiene
感染,Infection
興味,Interest
通訳,Interpreting
液体,Liquid
複数,Multiple
雑音,Noise
酸素,Oxygen
桜色,Pink
汚染,Pollution
序文,Preface
採算,Profit
恩賞,Reward
衛星,Satellite
秘密,Secret
密か,Secret
順序,Sequence
密輸,Smuggling
酸っぱい,Sour
汚点,Stain
背丈,Stature
厳しい,Strict
背が高い,Tall
照り焼き,Teriyaki
訳者,Translator
採用,Use
採決,Voting
欲しい,Wanted
欲求,Wants
温暖,Warm
意欲,Will
意志,Will
異状,Abnormality
異常,Abnormal
忠告,Advice
裏通り,Alley
武装,Arms
灰皿,Ashtray
服装,Attire
装い,Attire
著者,Author
裏切り,Backstab
体操,Calisthenics
否定,Denial
砂漠,Desert
変装,Disguise
編集者,Editor
拡張,Enlargement
装置,Equipment
除いて,Except
忠実,Faithful
小麦粉,Flour
貨物船,Freighter
果糖,Fructose
諸君,Gentlemen
華々しい,Gorgeous
墓場,Graveyard
灰色,Gray
敬語,Honorific
物真似,Impersonation
宝石,Jewel
地蔵,Jizo
散らし,Leaflet
雑誌,Magazine
筋肉,Muscle
操作,Operation
納入,Payment
宣言,Proclamation
宣伝,Propaganda
冷蔵庫,Refrigerator
否決,Rejection
著しい,Remarkable
賃貸,Rental
尊敬,Respect
尊い,Revered
成熟,Ripen
泥棒,Robber
簡易,Simple
簡単,Simple
蒸気,Steam
収納,Storage
砂糖,Sugar
野暮,Unrefined
漠然,Vague
諸〜,Various
垂直,Vertical
著作,Writing
拡大,Zoom
承認,Approval
幕府,Bakufu
聖書,Bible
沿岸,Coast
喜劇,Comedy
指揮,Command
通勤,Commute
承知,Consent
腐食,Corrosion
損害,Damage
腐敗,Decomposition
使い捨て,Disposable
劇的,Dramatic
震源地,Epicenter
推定,Estimate
言い訳,Excuse
源氏,Genji
眼鏡,Glasses
祖父母,Grandparents
心臓,Heart
神聖,Holiness
不純,Impure
肺臓,Lung
磁石,Magnet
磁気,Magnetism
誤算,Miscalculation
誤解,Misunderstanding
誤用,Misuse
納豆,Natto
歌劇,Opera
複数形,Plural
貴重,Precious
純粋,Pure
放射,Radiation
推理,Reasoning
自薦,Recommendation
推薦,Recommendation
縮小,Reduction
反射,Reflection
深刻,Serious
注射,Shot
単純,Simple
奴隷,Slave
染み,Stain
字幕,Subtitles
降参,Surrender
劇場,Theater
時刻表,Timetable
悲劇,Tragedy
誤字,Typo
貴い,Valuable
迎え,Welcome
黒幕,Wirepuller
貴様,You
交互,Alternately
破産,Bankruptcy
兵舎,Barracks
彼氏,Boyfriend
青銅,Bronze
推測,Conjecture
納得,Consent
著作権,Copyright
田舎,Countryside
行為,Deed
遅滞,Delay
遅延,Delay
破壊,Destruction
恥ずかしい,Embarrassing
給油,Fueling
地獄,Hell
同音異義語,Homonym
蒸し暑い,Humid
入獄,Imprisonment
油断,Inattentiveness
炎症,Inflammation
介入,Intervention
紹介,Introduction
脱獄,Jailbreak
剣道,Kendo
講義,Lecture
講演,Lecture
講師,Lecturer
暮らし,Life
寿命,Lifespan
宝くじ,Lottery
味噌,Miso
互い,Mutual
相互,Mutual
観測,Observation
石油,Oil
予測,Prediction
彫刻,Sculpture
自己,Self
真剣,Serious
破船,Shipwreck
醤油,Shoyu
有意,Significance
寿司,Sushi
彼ら,They
裏切り者,Traitor
厄介,Troublesome
諸々,Various
廃止,Abolition
受諾,Acceptance
同盟,Alliance
大幅,Big
債券,Bond
指揮者,Commander
主将,Commander
許諾,Consent
承諾,Consent
変換,Conversion
遺体,Corpse
債権,Credit
舞踏,Dancing
依存,Dependence
普及,Diffusion
汚い,Dirty
献金,Donation
勤め,Duties
枝豆,Edamame
廃絶,Extinction
将来,Future
大将,General
一般,General
遺伝,Heredity
馬鹿,Idiot
遺産,Inheritance
象牙,Ivory
歌舞伎,Kabuki
連盟,League
口紅,Lipstick
遺失,Loss
維持,Maintenance
誤り,Mistake
奈良,Nara
吐き気,Nausea
盟約,Pledge
放射能,Radioactivity
薦め,Recommendation
信頼,Reliance
依頼,Request
維新,Restoration
復旧,Restoration
将軍,Shogun
舞台,Stage
依然,Still
継承,Succession
超自然的,Supernatural
甘い,Sweet
豆腐,Tofu
貿易,Trade
津波,Tsunami
超〜,Ultra
貴重品,Valuables
換気,Ventilation
狙い,Aim
抗体,Antibody
応募,Application
戦闘,Battle
爆弾,Bomb
爆撃,Bombing
弾丸,Bullet
陣営,Camp
契機,Chance
崩壊,Collapse
契約,Contract
火葬,Cremation
削除,Deletion
派遣,Dispatch
酔っ払い,Drunk
弾力,Elasticity
証跡,Evidence
爆発,Explosion
漁師,Fisherman
香り,Fragrance
募金,Fundraising
葬式,Funeral
大抵,Generally
二日酔い,Hangover
刑務所,Jail
聴者,Listener
奇跡,Miracle
掲示,Notice
前兆,Omen
支払い,Payment
払い,Payment
香水,Perfume
〜鍋,Pot
掲載,Publication
刑罰,Punishment
募集,Recruiting
削減,Reduction
弁償,Reimbursement
抗戦,Resistance
遺跡,Ruins
臨海,Seaside
彼女,She
狙撃,Shooting
兆候,Sign
遅い,Slow
汁物,Soups
台湾,Taiwan
臨時,Temporary
盗聴,Wiretapping
知恵,Wisdom
執筆,Writing
馬鹿らしい,Absurd
馬鹿馬鹿しい,Absurd
舞踏会,Ball
基盤,Base
賄賂,Bribe
贈収賄,Bribery
依頼人,Client
考慮,Consideration
配慮,Consideration
委託,Consign
抑制,Control
需要,Demand
描写,Depiction
奥底,Depths
抑止,Deter
円盤,Disk
描画,Drawing
懸命,Eager
逃亡,Escape
避難,Evacuation
致命的,Fatal
全般的,General
遺伝子,Genes
宜しい,Good
暖房,Heating
緩い,Loose
緩やか,Loose
併合,Merger
必需品,Necessities
沖縄,Okinawa
抑圧,Oppression
一般的,Ordinary
奥深い,Profound
却下,Rejection
遠慮,Restraint
返還,Return
内緒,Secret
選択,Selection
対称,Symmetry
傾向,Tendency
一緒,Together
信託,Trust
奥さん,Wife
欠伸,Yawn
活躍,Activity
小遣い,Allowance
控え,Backup
項目,Clause
連邦,Commonwealth
群集,Crowd
水仙,Daffodil
免状,Diploma
慎重,Discreet
呼び鈴,Doorbell
甲斐,Effect
雇用,Employment
免除,Exemption
群れ,Flock
足跡,Footprint
片〜,Fragment
枠組み,Frame
充実,Fullness
岐阜,Gifu
跡継ぎ,Heir
仙人,Hermit
本塁打,Homerun
跳躍,Jump
片仮名,Katakana
飛躍,Leaping
免許,License
事項,Matter
謙虚,Modesty
短銃,Pistol
隆盛,Prosperity
隆起,Protuberance
充電,Recharge
勧告,Recommendation
拒否,Refusal
躍進,Rush
仙台,Sendai
将棋,Shogi
勧誘,Solicitation
御免,Sorry
補充,Supplement
移譲,Transfer
壁紙,Wallpaper
福祉,Welfare
獲得,Acquisition
戒告,Admonition
顧問,Advisor
主唱,Advocate
雅致,Artistry
繁殖,Breeding
贈賄,Bribery
堀川,Canal
捕獲,Capture
合唱団,Chorus
機敏,Clever
衝突,Collision
洗剤,Detergent
薄い,Dilute
排水,Drainage
優雅,Elegance
排出,Emission
排他,Exclusion
排除,Exclusion
排気,Exhaust
頻度,Frequency
頻発,Frequency
頻りに,Frequently
逃亡者,Fugitive
俊才,Genius
扱い,Handling
栄誉,Honor
名誉,Honor
頻繁,Incessant
〜殿,Lord
褒賞,Medal
〜剤,Medicine
薬剤,Medicine
回顧録,Memoirs
隣人,Neighbor
近隣,Neighborhood
過敏,Oversensitivity
殿堂,Palace
巡回,Patrol
薬剤師,Pharmacist
巡礼,Pilgrimage
巡査,Police
携帯,Portable
防腐剤,Preservative
繁栄,Prospering
生殖,Reproduction
屋敷,Residence
駐在,Residence
褒美,Reward
〜房,Section
敏感,Sensitivity
鋭い,Sharp
鋭利,Sharpness
鋭敏,Sharpness
衝撃,Shock
歌唱,Singing
唱歌,Singing
独唱,Solo
獲物,Spoils
透明,Transparent
警戒,Vigilance
訓戒,Warning
薄弱,Weakness
帯,Belt
廊,Corridor
離,Detach
径,Diameter
融,Dissolve
均,Equal
除,Exclude
貨,Freight
孫,Grandchild
墓,Grave
幾,How Many
尋,Inquire
編,Knit
陸,Land
探,Look For
豪,Luxurious
鑑,Model
泥,Mud
巣,Nest
普,Normal
棒,Pole
粉,Powder
既,Previously
救,Rescue
似,Resemble
富,Rich
散,Scatter
華,Showy
嘆,Sigh
偵,Spy
驚,Surprised
掃,Sweep
菜,Vegetable
脈,Vein
徳,Virtue
倉,Warehouse
酸,Acid
賛,Agree
祖,Ancestor
銭,Coin
込,Crowded
衛,Defense
机,Desk
汚,Dirty
飼,Domesticate
複,Duplicate
染,Dye
卵,Egg
永,Eternity
績,Exploits
眼,Eyeball
液,Fluid
採,Gather
党,Group
志,Intention
興,Interest
恩,Kindness
序,Preface
雑,Random
桜,Sakura
密,Secrecy
秘,Secret
厳,Strict
捨,Throw Away
訳,Translation
欲,Want
暖,Warm
迎,Welcome
傷,Wound
灰,Ashes
装,Attire
著,Author
裏,Backside
閉,Closed
垂,Dangle
漠,Desert
異,Differ
皇,Emperor
拡,Extend
暮,Livelihood
忠,Loyalty
肺,Lung
誌,Magazine
操,Manipulate
筋,Muscle
否,No
盛,Pile
宣,Proclaim
賃,Rent
敬,Respect
尊,Revered
熟,Ripen
砂,Sand
簡,Simplicity
蒸,Steam
蔵,Storehouse
糖,Sugar
納,Supply
宝,Treasure
諸,Various
窓,Window
豆,Beans
枝,Branch
揮,Brandish
刻,Carve
爪,Claw
承,Consent
幕,Curtain
紅,Deep Red
歓,Delight
降,Descend
劇,Drama
奴,Dude
聖,Holy
推,Infer
臓,Internal O...
損,Loss
磁,Magnet
誤,Mistake
源,Origin
芋,Potato
純,Pure
薦,Recommend
丼,Rice Bowl
腐,Rot
沿,Run Alongside
射,Shoot
縮,Shrink
隷,Slave
粋,Stylish
吐,Throw Up
貴,Valuable
縦,Vertical
勤,Work
拝,Worship
熊,Bear
噌,Boisterous
彫,Carve
杉,Cedar
銅,Copper
舎,Cottage
酔,Drunk
炎,Flame
彼,He
紹,Introduce
介,Jammed In
湖,Lake
講,Lecture
寿,Lifespan
測,Measure
互,Mutual
油,Oil
己,Oneself
払,Pay
鍋,Pot
獄,Prison
為,Sake
恥,Shame
遅,Slow
汁,Soup
醤,Soy Sauce
滞,Stagnate
剣,Sword
破,Tear
亀,Turtle
厄,Unlucky
酢,Vinegar
諾,Agreement
盟,Alliance
将,Commander
舞,Dance
債,Debt
伎,Deed
鹿,Deer
換,Exchange
牙,Fang
旧,Former
般,Generally
津,Haven
療,Heal
継,Inherit
遺,Leave Behind
維,Maintain
奈,Nara
核,Nucleus
廃,Obsolete
献,Offer
沖,Open Sea
摘,Pluck
及,Reach
依,Reliant
縄,Rope
踏,Step
伸,Stretch
姓,Surname
甘,Sweet
貿,Trade
頼,Trust
超,Ultra
幅,Width
患,Afflicted
狙,Aim
陣,Army Base
塁,Base
弾,Bullet
葬,Burial
抗,Confront
崩,Crumble
遣,Dispatch
掲,Display
爆,Explode
恵,Favor
漁,Fishing
香,Fragrance
湾,Gulf
跳,Hop
抱,Hug
旬,In Season
聴,Listen
臨,Look To
兆,Omen
契,Pledge
刑,Punish
募,Recruit
償,Reparation
抵,Resist
戻,Return
昭,Shining
闘,Struggle
執,Tenacious
跡,Traces
削,Whittle Down
伴,Accompany
齢,Age
宜,Best Regards
賂,Bribe
賄,Bribe
房,Cluster
慮,Consider
託,Consign
却,Contrary
需,Demand
致,Do
避,Dodge
描,Draw
刊,Edition
逃,Escape
扱,Handle
奥,Interior
併,Join
傾,Lean
緩,Loose
奏,Play Music
娠,Pregnant
妊,Pregnant
贈,Presents
択,Select
還,Send Back
繰,Spin
抑,Suppress
懸,Suspend
称,Title
緒,Together
盤,Tray
控,Abstain
充,Allocate
渋,Bitter
岐,Branch Off
埋,Bury
鈴,Buzzer
埼,Cape
棋,Chess Piece
譲,Defer
雇,Employ
免,Excuse
群,Flock
枠,Frame
銃,Gun
仙,Hermit
邦,Home Country
御,Honorable
慎,Humility
躍,Leap
謙,Modesty
阜,Mound
片,One Sided
項,Paragraph
斐,Patterned
隆,Prosperity
圏,Range
勧,Recommend
拒,Refusal
稲,Rice Plant
奪,Rob
鋼,Steel
甲,Turtle Shell
壁,Wall
祉,Welfare
敏,Alert
吹,Blow
唱,Chant
衝,Collide
戒,Commandment
兼,Concurrently
薄,Dilute
堀,Ditch
剤,Dose
雅,Elegant
孝,Filial Piety
頻,Frequent
駆,Gallop
俊,Genius
誉,Honor
茂,Luxuriant
殿,Milord
殖,Multiply
隣,Neighbor
繁,Overgrown
巡,Patrol
柱,Pillar
携,Portable
褒,Praise
排,Reject
駐,Resident
顧,Review
犠,Sacrifice
獲,Seize
鋭,Sharp
敷,Spread
透
トウ
Transparent