投棄,Abandonment
廃棄,Annulment
根拠,Basis
軍艦,Battleship
郷里,Birthplace
偽装,Camouflage
炭素,Carbon
祝儀,Celebration
儀式,Ceremony
衣服,Clothes
石炭,Coal
思い遣り,Consideration
潜水,Diving
雇用者,Employer
〜畑,Field
田畑,Field
偽造,Forgery
破片,Fragment
葬儀,Funeral
故郷,Hometown
蜂蜜,Honey
謙遜,Humble
必至,Inevitable
侵害,Infringement
侵入,Intrusion
侵攻,Invasion
躍り,Jumping
忠誠,Loyalty
礼儀,Manners
措置,Measures
鉱物,Mineral
鉱石,Ore
拠点,Position
渋々,Reluctantly
放棄,Resignation
甲斐性,Resourcefulness
御手洗,Restroom
拳銃,Revolver
廃墟,Ruins
瀬戸,Seto
高瀬,Shallows
渋谷,Shibuya
焼酎,Shochu
包囲,Siege
誠実,Sincere
誠意,Sincerity
御免なさい,Sorry
潜在意識,Subconscious
潜水艦,Submarine
至上,Supremacy
徹底,Thoroughness
脱衣,Undressing
艦船,Warship
撤去,Withdrawal
撤回,Withdrawal
措辞,Wording
解析,Analysis
分析,Analysis
円弧,Arc
到着,Arrival
中軸,Axis
枢軸,Axle
双眼鏡,Binoculars
糾弾,Blame
中枢,Center
紛糾,Complication
克服,Conquest
克明,Detailed
円滑,Effortless
発掘,Excavation
模範,Exemplification
範囲,Extent
握力,Handgrip
握手,Handshake
肝炎,Hepatitis
温床,Hotbed
芝生,Lawn
芝草,Lawn
肝臓,Liver
宿泊,Lodging
喪失,Loss
不透明,Opacity
括弧,Parentheses
哲学,Philosophy
挑発,Provocation
起床,Rising
動揺,Shaking
病床,Sickbed
堅い,Solid
書斎,Study
総括,Synthesis
暫定,Tentative
東芝,Toshiba
双子,Twins
統括,Unification
荒い,Wild
横綱,Yokozuna
襲撃,Attack
権威,Authority
泥沼,Bog
決裂,Breakdown
明朗,Bright
朗らか,Brightness
包み,Bundle
国籍,Citizenship
慰謝料,Compensation
慰問,Condolences
慰謝,Consolation
貢献,Contribution
逆襲,Counterattack
珍味,Delicacy
旨い,Delicious
壊滅,Destruction
絶滅,Destruction
威厳,Dignity
懲罰,Discipline
暴露,Disclosure
幻滅,Disillusionment
距離,Distance
滅亡,Downfall
封筒,Envelope
露出,Exposure
撲滅,Extermination
偽物,Fake
封建主義,Feudalism
暖炉,Fireplace
露骨,Frank
摩擦,Friction
懇親,Friendship
柔らかい,Gentle
柔和,Gentleness
垣根,Hedge
趣味,Hobby
即〜,Immediate
即座,Immediate
即興,Improvisation
誠に,Indeed
伺い,Inquiry
柔道,Judo
懇意,Kindness
沼地,Marshland
山岳,Mountains
滋養,Nourishment
牧師,Pastor
牧草,Pasture
安泰,Peace
要旨,Point
印刷,Printing
珍しい,Rare
一斉,Simultaneous
慰安,Solace
誰か,Someone
分裂,Split
沈滞,Stagnation
沼沢,Swamp
風潮,Tide
潮流,Tide
浴衣,Yukata
寝床,Bed
金髪,Blonde
本棚,Bookcase
大砲,Cannon
紛らわしい,Confusing
戸棚,Cupboard
恐竜,Dinosaur
絶叫,Exclamation
釣り,Fishing
揚げ,Fried
手袋,Gloves
握り,Grip
髪型,Hairstyle
斗,Ladle
寸法,Measurement
辛子,Mustard
忍者,Ninja
縁起,Omen
不吉,Ominous
一翼,Part
粒子,Particle
辛抱,Patience
哲学者,Philosopher
娯楽,Pleasure
姫様,Princess
謎々,Riddle
手堅い,Solid
香辛料,Spices
辛い,Spicy
泊まり,Stay
落雷,Thunderbolt
雷雨,Thunderstorm
竜巻,Tornado
魚雷,Torpedo
無縁,Unrelated
俺たち,We
俺ら,We
荒々しい,Wild
凶悪,Atrocious
細菌,Bacteria
賭け,Betting
小舟,Boat
電卓,Calculator
天井,Ceiling
霊園,Cemetery
曇り,Cloudiness
可也,Considerably
呪い,Curse
排水溝,Drainage
疲労,Fatigue
ばい菌,Germ
亡霊,Ghost
陰気,Gloom
鳥肌,Goosebumps
加湿器,Humidifier
狩人,Hunter
狩り,Hunting
霊感,Inspiration
近頃,Lately
狂気,Madness
手頃,Moderate
湿気,Moisture
磨き,Polish
眺望,Prospect
滝川,Rapids
この頃,Recently
先頃,Recently
硬直,Rigidity
元凶,Ringleader
脚本,Script
一斉に,Simultaneously
〜魂,Spirit
殺菌,Sterilization
無菌,Sterilized
硬い,Stiff
井戸,Well
湿地,Wetlands
錬金術,Alchemy
土俵,Arena
万歳,Banzai
書架,Bookshelf
穏やか,Calm
平穏,Calm
紛れもない,Certain
椅子,Chair
租界,Concession
幽閉,Confinement
架設,Construction
涼しい,Cool
清涼,Cool
木綿,Cotton
悪魔,Devil
鈍い,Dull
皇帝,Emperor
帝国,Empire
誇張,Exaggeration
誇大,Exaggeration
水泡,Foam
発泡,Foaming
幽霊,Ghost
囲碁,Go
黙殺,Ignoring
吾輩,I
焦り,Impatience
魔法,Magic
庄園,Manor
零時,Midnight
瞬時,Moment
お盆,Obon
阻止,Obstruction
阻害,Obstruction
お握り,Onigiri
丁寧,Polite
穏当,Proper
瞳孔,Pupil
寧ろ,Rather
叫び,Shout
叫び声,Shout
沈黙,Silence
新芽,Sprout
担架,Stretcher
入れ墨,Tattoo
租税,Taxes
鍛錬,Tempering
鈍感,Thickheadedness
歳月,Time
不穏,Unrest
魔女,Witch
補佐,Aid
裸足,Barefoot
胴体,Body
明瞭,Clarity
粘土,Clay
粘着,Cohesion
大佐,Colonel
炊事,Cooking
稼ぎ,Earnings
伊達,Elegance
挿話,Episode
詐取,Exploitation
墜落,Falling
詐欺,Fraud
お婆さん,Grandmother
掌握,Grasping
帽子,Hat
〜狩り,Hunting
挿入,Insertion
伊勢,Ise
欠如,Lack
躍如,Lifelike
少佐,Major
化粧,Makeup
詐称,Misrepresentation
貨幣,Money
可哀想,Pitiful
哀れ,Pity
粉砕,Pulverization
点滴,Raindrops
爽やか,Refreshing
痛恨,Regret
休憩,Rest
砕石,Rubble
眺め,Scene
悲哀,Sorrow
粘々,Stickiness
突如,Suddenly
疲れ,Tiredness
遂行,Accomplishment
麻酔,Anesthesia
塗布,Application
未遂,Attempt
後ろ盾,Backing
火鉢,Brazier
光輝,Brightness
迷彩,Camouflage
騎兵,Cavalry
賢い,Clever
塗装,Coating
色彩,Color
返り咲き,Comeback
矛盾,Contradiction
隙間,Crevice
培養,Cultivation
踊り,Dance
暗闇,Darkness
斜め,Diagonal
屈辱,Disgrace
恥辱,Disgrace
耐久性,Durability
尽力,Efforts
忍耐,Endurance
耐火,Fireproof
紛れ,Fluke
憶測,Guess
収穫,Harvest
鉢巻,Headband
首班,Head
大麻,Hemp
殴打,Hit
帝国主義,Imperialism
斜体,Italics
騎士,Knight
灯り,Lamp
溶岩,Lava
輝度,Luminance
記憶,Memory
手帳,Notebook
塗料,Paints
迅速,Quick
記帳,Registry
後悔,Regret
悔しい,Regrettable
貯蓄,Savings
斜面,Slant
飢餓,Starvation
街灯,Streetlight
脅し,Threat
脅迫,Threat
理不尽,Unreasonable
無闇に,Unreasonably
車椅子,Wheelchair
賢明,Wisdom
魔法使い,Wizard
抽象,Abstract
概算,Approximation
転覆,Capsizing
俗語,Colloquialism
征服,Conquest
陰謀,Conspiracy
衰退,Decline
拘置,Detention
劣化,Deterioration
不明瞭,Dimness
侵食,Erosion
遠征,Expedition
抽出,Extraction
淡い,Faint
団扇,Fan
基礎,Foundation
お婆ちゃん,Granny
恨み,Grudge
憎らしい,Hateful
憎い,Hateful
憎しみ,Hatred
劣悪,Inferiority
隔離,Isolation
抽選,Lottery
覆面,Mask
唯物論,Materialism
勘違い,Misunderstanding
草刈り,Mowing
尼僧,Nun
唯一,Only
概要,Outline
勘弁,Pardon
真珠,Pearl
浸透,Permeation
陶器,Pottery
利潤,Profit
王妃,Queen
無謀,Reckless
開拓,Reclamation
推奨,Recommendation
覚悟,Resolution
憩い,Rest
数珠,Rosary
奨学金,Scholarship
老衰,Senility
粘り,Stickiness
浸水,Submersion
詐欺師,Swindler
一概に,Unconditionally
剛健,Vigor
紫色,Violet
誓い,Vow
巧い,Adept
伯母,Aunt
銘柄,Brand
洞穴,Cave
空洞,Cave
風邪,Cold
彩り,Coloring
訂正,Correction
法廷,Courtroom
水晶,Crystal
悪賢い,Devious
漂流,Drifting
銘々,Each
堤防,Embankment
興奮,Excitement
殴り合い,Fistfight
無駄,Futility
下駄,Geta
鬱陶しい,Gloomy
鬱気,Gloomy
把握,Grasp
墳墓,Grave
邪魔,Hinderance
飢え,Hunger
免疫,Immunity
巧妙,Ingenious
無邪気,Innocence
壮大,Magnificent
漫画,Manga
偶に,Occasionally
軌道,Orbit
仰々しい,Pompous
検疫,Quarantine
諮問,Question
輝き,Radiance
殴り込み,Raid
〜亭,Restaurant
壮行,Rousing
配偶者,Spouse
奮起,Stirring
唐突,Sudden
翻訳,Translation
搬送,Transportation
運搬,Transport
伯父,Uncle
淀川,Yodogawa
棄,Abandon
至,Attain
拠,Based On
蜂,Bee
儀,Ceremony
炭,Charcoal
衣,Clothes
潜,Conceal
偽,Fake
畑,Field
蛍,Firefly
拳,Fist
郷,Hometown
蜜,Honey
仁,Humanity
遜,Humble
侵,Invade
鉱,Mineral
伺,Pay Respects
徹,Penetrate
瀬,Rapids
墟,Ruins
酎,Sake
措,Set Aside
誠,Sincerity
虎,Tiger
艦,Warship
撤,Withdrawal
樹,Wood
包,Wrap
析,Analysis
弧,Arc
到,Arrival
軸,Axis
綱,Cable
挑,Challenge
焦,Char
掘,Dig
紛,Distract
範,Example
括,Fasten
床,Floor
握,Grip
枢,Hinge
揚,Hoist
潟,Lagoon
芝,Lawn
肝,Liver
喪,Mourning
網,Netting
克,Overcome
泊,Overnight
双,Pair
柄,Pattern
哲,Philosophy
斎,Purification
袋,Sack
揺,Shake
滑,Slippery
堅,Solid
暫,Temporarily
糾,Twist
荒,Wild
襲,Attack
沼,Bog
朗,Bright
摩,Chafe
懲,Chastise
慰,Consolation
懇,Courteous
筒,Cylinder
滅,Destroy
距,Distance
籍,Enroll
露,Expose
炉,Furnace
柔,Gentle
趣,Gist
擦,Grate
琴,Harp
垣,Hedge
即,Instant
威,Majesty
滋,Nourishing
牧,Pasture
泰,Peace
岳,Peak
旨,Point
刷,Printing
珍,Rare
封,Seal
斉,Simultaneous
沈,Sink
撲,Slap
裂,Split
潮,Tide
貢,Tribute
誰,Who
刃,Blade
砲,Cannon
笠,Conical Hat
竜,Dragon
縁,Edge
忍,Endure
釣,Fishing
吉,Good Luck
粒,Grains
髪,Hair
丘,Hill
俺,I
僕,I
斗,Ladle
寸,Measurement
桃,Peach
梨,Pear
姫,Princess
娯,Recreation
謎,Riddle
侍,Samurai
叱,Scold
棚,Shelf
叫,Shout
匹,Small Animal
辛,Spicy
芽,Sprout
嵐,Storm
涙,Teardrop
雷,Thunder
缶,Tin Can
塔,Tower
朱,Vermillion
翼,Wing
頃,Approximate
菌,Bacteria
鐘,Bell
舟,Boat
嫁,Bride
暦,Calendar
曇,Cloudy
也,Considerably
塾,Cram School
呪,Curse
湿,Damp
稼,Earnings
疲,Exhausted
翔,Fly
賭,Gamble
霊,Ghost
溝,Gutter
矛,Halberd
狩,Hunt
脚,Leg
澄,Lucidity
塊,Lump
狂,Lunatic
嬢,Miss
裸,Naked
磨,Polish
陰,Shade
肌,Skin
魂,Soul
眺,Stare
硬,Stiff
卓,Table
凶,Villain
滝,Waterfall
井,Well
墨,Black Ink
瞬,Blink
泡,Bubbles
穏,Calm
孔,Cavity
椅,Chair
菊,Chrysanthemum
涼,Cool
綿,Cotton
魔,Devil
寮,Dormitory
鳩,Dove
鈍,Dull
鍛,Forge
碁,Go
癖,Habit
穂,Head Of Plant
吾,I
鍵,Key
盆,Lantern Fe...
庄,Manor
猿,Monkey
棟,Pillar
誇,Pride
瞳,Pupil
寧,Rather
俵,Sack
幽,Secluded
架,Shelf
黙,Shut Up
斬,Slice
帝,Sovereign
租,Tariff
錬,Tempering
阻,Thwart
歳,Years Old
零,Zero
幣,Cash
箸,Chopsticks
瞭,Clear
崖,Cliff
炊,Cook
粧,Cosmetics
墜,Crash
欺,Deceit
滴,Drip
塀,Fence
霧,Fog
扇,Folding Fan
扉,Front Door
恨,Grudge
帽,Hat
憎,Hate
佐,Help
挿,Insert
伊,Italy
詐,Lie
如,Likeness
唇,Lips
掌,Manipulate
婆,Old Woman
哀,Pathetic
虹,Rainbow
爽,Refreshing
憩,Rest
尺,Shaku
砕,Smash
粘,Sticky
畳,Tatami Mat
胴,Torso
巾,Towel
芯,Wick
柳,Willow
遂,Accomplish
蓄,Amass
脇,Armpit
殴,Assault
咲,Blossom
鉢,Bowl
賢,Clever
彩,Coloring
隙,Crevice
培,Cultivate
踊,Dance
闇,Darkness
斜,Diagonal
尽,Exhaust
霜,Frost
穫,Harvest
麻,Hemp
騎,Horse
辱,Humiliate
灯,Lamp
畜,Livestock
溶,Melt
蚊,Mosquito
帳,Notebook
塗,Paint
貼,Paste
輝,Radiance
憶,Recollection
悔,Regret
耐,Resistant
盾,Shield
蛇,Snake
班,Squad
餓,Starve
飢,Starve
迅,Swift
脅,Threaten
概,Approximation
拘,Arrest
煮,Boil
覆,Capsize
駒,Chess Piece
悟,Comprehension
謀,Conspire
鶴,Crane
拓,Cultivation
衰,Decline
奨,Encourage
淡,Faint
礎,Foundation
陛,Highness
浸,Immersed
劣,Inferiority
勘,Intuition
隔,Isolate
桑,Mulberry
尼,Nun
珠,Pearl
抽,Pluck
壇,Podium
陶,Pottery
妃,Princess
刈,Prune
紫,Purple
唯,Solely
剛,Sturdy
征,Subjugate
誓,Vow
俗,Vulgar
潤,Watered
偶,Accidentally
巧,Adept
鰐,Alligator
把,Bundle
駄,Burdensome
洞,Cave
伯,Chief
唐,China
諮,Consult
廷,Courts
蟹,Crab
晶,Crystal
堰,Dam
漂,Drift
淀,Eddy
堤,Embankment
后,Empress
疫,Epidemic
翻,Flip
鬱,Gloom
涯,Horizon
銘,Inscription
仰,Look Up To
漫,Manga
彰,Patent
簿,Record Book
亭,Restaurant
訂,Revise
壮,Robust
軌,Rut
奮,Stirred Up
峰,Summit
墳,Tomb
搬,Transport
邪
ジャ
Wicked