慈愛,Affection
喚起,Awaken
瓶詰,Bottling
勘定,Calculation
慈善,Charity
貞操,Chastity
貞節,Chastity
慈悲,Compassion
片隅,Corner
耕作,Cultivation
乾燥,Dehydration
洗濯粉,Detergent
玄関,Entranceway
解釈,Explanation
釈明,Explanation
農耕,Farming
脂肪,Fat
柔軟,Flexible
偉い,Great
偉大,Greatness
邸内,Grounds
焦燥,Impatience
洗濯屋,Laundromat
邸宅,Mansion
潤い,Moisture
会釈,Nod
隅々,Nooks
注釈,Notes
肯定,Positive
樹脂,Resin
皮膚,Skin
聡い,Smart
郊外,Suburb
近郊,Suburbs
山頂,Summit
召喚,Summon
苗字,Surname
不貞,Unfaithful
花瓶,Vase
渦中,Vortex
聡明,Wisdom
殊勝,Admirable
不倫,Adultery
覇気,Ambition
擁立,Backing
お風呂,Bath
封鎖,Blockade
連鎖,Chain
突貫,Charge
慢性,Chronic
陳腐,Cliched
閉鎖,Closing
制覇,Conquest
恒常,Constant
欠陥,Defect
遭難,Disaster
抱擁,Embrace
遭遇,Encounter
我慢,Endurance
境遇,Environment
噴火,Eruption
倫理,Ethics
陳列,Exhibition
膨張,Expansion
陥落,Fall
没収,Forfeiture
覇権,Hegemony
膨大,Huge
猟師,Hunter
狩猟,Hunting
埋没,Implantation
必須,Indispensable
惰性,Inertia
孤立,Isolation
孤独,Isolation
噴射,Jet
怠惰,Laziness
怠慢,Negligence
秩序,Order
発祥,Origin
孤児,Orphan
芳香,Perfume
恒久,Permanent
陳情,Petition
貫通,Pierce
密猟,Poaching
偏見,Prejudice
自慢,Pride
傲慢,Pride
擁護,Protection
食糧,Provisions
颯と,Quickly
貫徹,Realization
賠償,Reparations
没落,Ruin
不祥事,Scandal
沈没,Sinking
緩慢,Slow
特殊,Special
噴出,Spewing
恒星,Star
陳述,Statement
示唆,Suggestion
日没,Sunset
芳しい,Sweet
処遇,Treatment
待遇,Treatment
犠牲,Victim
虐待,Abuse
披露,Announcement
虐殺,Atrocity
搭乗,Boarding
沸騰,Boiling
同胞,Brethren
細胞,Cell
襟元,Collar
総帥,Commander
残虐,Cruelty
胡瓜,Cucumber
繊細,Delicate
皮膚科,Dermatology
経緯,Details
丹念,Diligence
惨事,Disaster
悲惨,Disastrous
啓発,Enlightenment
啓蒙,Enlightenment
随筆,Essays
随所,Everywhere
過剰,Excess
玄人,Expert
繊維,Fiber
追随,Follow
徐々,Gradually
緯度,Latitude
原稿,Manuscript
惨め,Miserable
蒙古,Mongolia
草稿,Notes
苗床,Nursery
緯線,Parallel
舗装,Pavement
清浄,Pure
浄化,Purification
平壌,Pyongyang
批准,Ratification
余剰,Redundant
啓示,Revelation
襟巻き,Scarf
苗木,Seedling
店舗,Shop
土壌,Soil
胞子,Spore
投稿,Submit
剰余金,Surplus
教諭,Teacher
寛大,Tolerance
寛容,Tolerance
暴虐,Tyranny
不浄,Uncleanliness
随分,Very
洗浄,Washing
西瓜,Watermelon
渦巻き,Whirlpool
顕在,Actual
逸話,Anecdote
自叙伝,Autobiography
風呂場,Bathroom
偏り,Bias
盆栽,Bonsai
紋章,Crest
王冠,Crown
酷い,Cruel
冷酷,Cruel
残酷,Cruelty
栽培,Cultivation
勲章,Decoration
痴呆,Dementia
過疎,Depopulation
叙述,Description
逸脱,Deviation
露顕,Discovery
疾患,Disease
無秩序,Disorder
殊に,Especially
疎遠,Estrangement
疎外,Estrangement
悠久,Eternity
倫理的,Ethical
倫理学,Ethics
疎開,Evacuation
秀逸,Excellence
応酬,Exchange
酷使,Exploitation
露呈,Exposure
指紋,Fingerprint
阿呆,Fool
疾風,Gale
逸品,Gem
厳粛,Gravity
欄干,Guardrail
高尚,High
顕彰,Honoring
疾病,Illness
誘拐,Kidnapping
悠長,Leisurely
叙情,Lyricism
欄外,Margin
庶民,Masses
新陳代謝,Metabolism
痴漢,Molester
哺育,Nursing
孤児院,Orphanage
実践,Practice
時期尚早,Premature
贈呈,Presentation
進呈,Presentation
悠々,Quiet
顕著,Remarkable
賠償金,Reparations
酷似,Resemblance
報酬,Reward
波紋,Ripple
過酷,Severity
陳列室,Showroom
静粛,Silent
荘厳,Solemnity
歌謡,Song
疎ら,Sparse
疾走,Sprint
空疎,Vain
犠牲者,Victim
捕鯨,Whaling
卸売,Wholesale
累積,Accumulation
癒着,Adhesion
伏兵,Ambush
憂慮,Anxiety
奉仕,Attendance
信奉,Belief
循環,Circulation
粗悪,Coarse
粗い,Coarse
潜伏,Conceal
哀悼,Condolence
該当,Correspond
奉納,Dedication
抹殺,Denial
憂鬱,Depression
洗浄剤,Detergent
抹消,Erase
真髄,Essence
神髄,Essence
伏線,Foreshadowing
来賓,Guest
治癒,Healing
重鎮,Leader
旦那,Master
抹茶,Matcha
傍受,Monitoring
追悼,Mourning
一旦,Once
輪郭,Outline
鎮痛剤,Painkiller
憂国,Patriotism
愉快,Pleasant
繁昌,Prosperity
南瓜,Pumpkin
遺憾,Regrettable
粗野,Rustic
奉公,Service
素朴,Simple
凝固,Solidify
凝視,Stare
鎮圧,Suppression
降伏,Surrender
起伏,Undulation
山葵,Wasabi
拍手,Applause
〜拍,Beat
大尉,Captain
摂氏,Centigrade
平凡,Common
錯乱,Confusion
満悦,Delight
意匠,Design
窮地,Dilemma
窮状,Distress
呉服,Draperies
弊害,Evil
疲弊,Exhaustion
搾取,Exploitation
猶予,Extension
洪水,Flood
愚か,Foolish
凛々しい,Gallant
紳士,Gentleman
飽食,Gluttony
穀物,Grain
穀類,Grains
墓碑,Gravestone
丘陵,Hill
舶来,Imported
碑文,Inscription
摂取,Intake
所轄,Jurisdiction
管轄,Jurisdiction
寂しい,Lonely
巨匠,Master
師匠,Master
凡庸,Mediocre
搾乳,Milking
錯誤,Mistake
交錯,Mixture
記念碑,Monument
疎か,Neglect
窒素,Nitrogen
倒錯,Perversion
庶民的,Popular
窮乏,Poverty
困窮,Poverty
非凡,Prodigy
脈拍,Pulse
恭しい,Respectful
束縛,Restraint
米穀,Rice
飽和,Saturation
縫製,Sewing
裁縫,Sewing
船舶,Ship
静寂,Silence
怠い,Sluggish
窒息,Suffocation
主宰,Supervision
窮屈,Tight
堕胎,Abortion
約款,Agreement
盲腸,Appendix
平衡,Balance
山賊,Bandit
浴槽,Bathtub
鼓動,Beat
恐喝,Blackmail
盲目,Blindness
敢然,Boldly
勇敢,Brave
醸成,Brew
醸造,Brewing
閲覧,Browsing
検閲,Censor
海峡,Channel
熊之実,Clownfish
羅針盤,Compass
網羅,Comprising
受胎,Conception
弔意,Condolence
角膜,Cornea
堕落,Corruption
太鼓,Drum
鼓膜,Eardrum
胎児,Embryo
羅列,Enumeration
酵素,Enzyme
均衡,Equilibrium
発酵,Fermentation
萌芽,Germination
憂い,Grief
鼓舞,Inspiration
遮断,Isolation
凸版,Letterpress
借款,Loan
伐採,Lumbering
奉行,Magistrate
旋律,Melody
一遍,Once
海賊,Pirate
胎盤,Placenta
峡谷,Ravine
惜しい,Regrettable
果敢,Resolute
網膜,Retina
校閲,Revision
旋回,Revolution
烏賊,Squid
胃腸,Stomach
盗賊,Thief
遍歴,Travels
凹凸,Uneven
普遍,Universal
不愉快,Unpleasant
傍ら,While
旋風,Whirlwind
酵母,Yeast
扶助,Aid
恩赦,Amnesty
憤慨,Anger
解剖,Autopsy
蝶々,Butterfly
触媒,Catalyst
更迭,Change
老朽,Decrepit
戯曲,Drama
呆気,Dumbfounded
享受,Enjoyment
瑞々しい,Fresh
遊戯,Game
系譜,Genealogy
淑やか,Graceful
手錠,Handcuffs
縛り首,Hanging
豪傑,Hero
呆け,Idiot
不朽,Immortal
媒介,Intermediary
陪審,Jury
淑女,Lady
傑作,Masterpiece
媒酌,Matchmaking
媒体,Media
譜面,Music
容赦,Pardon
錠剤,Pill
汚濁,Pollution
肖像,Portrait
赦免,Remission
憤り,Resentment
帆走,Sailing
楽譜,Score
縫目,Seam
脊椎,Spine
扶養,Support
禁忌,Taboo
拍子,Tempo
窃盗,Theft
忌まわしい,Unpleasant
飽き,Weariness
奔放,Wild
環礁,Atoll
叔母,Aunt
憂き目,Bitterness
大胆,Bold
鋳造,Casting
変遷,Change
慶祝,Congratulation
左遷,Demotion
閑散,Deserted
落胆,Discouragement
擬装,Disguise
親睦,Friendship
胆石,Gallstones
不均衡,Imbalance
模擬,Imitation
甚大,Immense
侮辱,Insult
漆器,Lacquerware
法曹,Lawyer
崇高,Loftiness
婚姻,Marriage
卑劣,Mean
卑屈,Menial
〜漬け,Pickled
魂胆,Plot
閑静,Quiet
暗礁,Reef
岩礁,Reef
浪人,Ronin
軽蔑,Scorn
侮蔑,Scorn
吟味,Scrutiny
紡績,Spinning
萌え,Sprouting
駐屯,Stationed
漬物,Tsukemono
叔父,Uncle
凸凹,Uneven
普遍的,Universal
稚拙,Unskillful
流浪,Vagrancy
浮浪者,Vagrant
甚だ,Very
放浪,Wandering
浪費,Waste
崇拝,Worship
憧れ,Yearning
解剖学,Anatomy
匿名,Anonymity
蛮行,Barbarism
花婿,Bridegroom
煩忙,Busy
煩雑,Complex
矯正,Correction
逝去,Death
妄想,Delusion
下痢,Diarrhea
罷免,Dismissal
赤痢,Dysentery
漸く,Finally
隠匿,Hide
弾劾,Impeachment
帆柱,Mast
煩い,Noisy
管弦楽団,Orchestra
囚人,Prisoner
容赦なく,Relentlessly
帆船,Sailboat
野蛮,Savage
醜聞,Scandal
海藻,Seaweed
分泌,Secretion
寡黙,Silent
湧水,Spring
升目,Square
硫黄,Sulfur
悪戯,Tease
倹約,Thrift
拷問,Torture
坑道,Tunnel
醜悪,Ugliness
醜い,Ugly
渓谷,Valley
桟橋,Wharf
寡婦,Widow
思慕,Yearning
肯,Agreement
浦,Bay
挟,Between
沸,Boil
瓶,Bottle
召,Call
貞,Chastity
亮,Clear
襟,Collar
隅,Corner
郡,County
燥,Dry Up
釈,Explanation
脂,Fat
偉,Greatness
軒,House Counter
蓮,Lotus
慈,Mercy
塚,Mound
玄,Mysterious
肪,Obese
耕,Plow
媛,Princess
邸,Residence
喚,Scream
苗,Seedling
隻,Ship Counter
膚,Skin
軟,Soft
郊,Suburbs
頂,Summit
濯,Wash
渦,Whirlpool
聡,Wise
枯,Wither
祥,Auspicious
呂,Bath
偏,Biased
茨,Briar
陥,Cave In
鎖,Chain
賠,Compensation
恒,Constant
綾,Design
没,Die
擁,Embrace
遭,Encounter
噴,Erupt
殊,Especially
倫,Ethics
陳,Exhibit
隼,Falcon
乃,From
輔,Help
猟,Hunting
唆,Instigate
惰,Lazy
怠,Lazy
覇,Leadership
須,Necessary
牲,Offering
秩,Order
孤,Orphan
芳,Perfume
貫,Pierce
糧,Provisions
颯,Quick
慢,Ridicule
膨,Swell
遇,Treatment
諭,Admonish
随,All
胡,Barbarian
搭,Board
錦,Brocade
鯉,Carp
胞,Cell
浄,Cleanse
帥,Commander
諒,Comprehend
蒙,Darkness
曙,Dawn
惨,Disaster
稿,Draft
啓,Enlighten
披,Expose
繊,Fiber
徐,Gently
葵,Hollyhock
騰,Inflation
据,Install
莉,Jasmine
緯,Latitude
瓜,Melon
虐,Oppress
戴,Receive
艇,Rowboat
丹,Rust Colored
緋,Scarlet
准,Semi
舗,Shop
壌,Soil
駿,Speed
剰,Surplus
寛,Tolerance
庶,All
且,Also
顕,Appear
杏,Apricot
栞,Bookmark
欄,Column
冠,Crown
酷,Cruel
叙,Describe
逸,Deviate
紋,Family Crest
阿,Flatter
愚,Foolish
尚,Furthermore
拐,Kidnap
悠,Leisure
勲,Merit
疎,Neglect
謡,Noh Chanting
哺,Nurse
栽,Planting
践,Practice
呈,Present
傲,Proud
疾,Rapid
茜,Red Dye
酬,Repay
呆,Shock
鎌,Sickle
粛,Solemn
茎,Stem
痴,Stupid
荘,Villa
鯨,Whale
卸,Wholesale
累,Accumulate
伏,Bow
虜,Captive
循,Circulation
粗,Coarse
凝,Congeal
栓,Cork
瑛,Crystal
旦,Dawn
奉,Dedicate
遼,Distant
郭,Enclosure
抹,Erase
佳,Excellent
惜,Frugal
憂,Grief
悼,Grieve
癒,Healing
栃,Horse Ches...
龍,Imperial
弥,Increasing
髄,Marrow
傍,Nearby
愉,Pleasant
赴,Proceed
昌,Prosperous
憾,Remorse
朴,Simple
脊,Stature
該,The Above
之,This
鎮,Tranquilize
尿,Urine
賓,Vip
那,What
匠,Artisan
拍,Beat
縛,Bind
飽,Bored
柴,Brushwood
蝶,Butterfly
弦,Chord
凛,Cold
庸,Common
錯,Confused
轄,Control
悦,Delight
窮,Destitute
嘉,Esteem
弊,Evil
遥,Far Off
洪,Flood
紳,Gentleman
呉,Give
穀,Grain
摂,In Addition
寂,Lonely
宰,Manager
陵,Mausoleum
凡,Mediocre
尉,Military O...
靖,Peaceful
恭,Respect
縫,Sew
舶,Ship
搾,Squeeze
猶,Still
窒,Suffocate
碑,Tombstone
智,Wisdom
款,Article
鼓,Beat
盲,Blind
醸,Brew
凹,Concave
弔,Condolence
凸,Convex
烏,Crow
敢,Daring
堕,Degenerate
衡,Equilibrium
伐,Fell
酵,Ferment
閲,Inspection
遮,Intercept
腸,Intestines
瑠,Lapis Lazuli
乙,Latter
楓,Maple
膜,Membrane
紺,Navy
蒼,Pale
漬,Pickle
哉,Question Mark
峡,Ravine
賊,Robber
旋,Rotation
俸,Salary
喝,Scold
羅,Spread Out
萌,Sprout
槽,Tank
坪,Two Mat Area
遍,Universal
胎,Womb
陪,Accompany
扶,Aid
迭,Alternate
鶏,Chicken
瑞,Congratula...
暁,Dawn
剖,Divide
凌,Endure
藩,Fiefdom
譜,Genealogy
璃,Glassy
淑,Graceful
傑,Greatness
殻,Husk
錠,Lock
媒,Mediator
忌,Mourning
濁,Muddy
椎,Oak
赦,Pardon
戯,Play
享,Receive
嘱,Request
肖,Resemblance
憤,Resent
漣,Ripples
朽,Rot
奔,Run
帆,Sail
菅,Sedge
酌,Serve
慨,Sigh
絹,Silk
窃,Steal
硫,Sulfur
亜,Asia
屯,Barracks
岬,Cape
鋳,Cast
拙,Clumsy
詠,Compose
慶,Congratulate
酪,Dairy
篤,Deliberate
侮,Despise
堪,Endure
禍,Evil
雌,Female
睦,Friendly
胆,Guts
擬,Imitate
漆,Lacquer
閑,Leisure
憧,Long For
卑,Lowly
姻,Marry
曹,Official
吟,Recital
礁,Reef
峠,Ridge
沙,Sand
蔑,Scorn
汰,Select
紡,Spinning
遷,Transition
叔,Uncle
甚,Very
浪,Wander
梓,Wood Block
崇,Worship
煩,Annoy
蛮,Barbarian
廉,Bargain
劾,Censure
某,Certain
矯,Correct
囚,Criminal
痢,Diarrhea
逝,Die
狐,Fox
漸,Gradually
升,Grid
婿,Groom
匿,Hide
謹,Humble
藍,Indigo
桟,Jetty
殉,Martyr
坑,Pit
罷,Quit
妄,Reckless
藻,Seaweed
泌,Secrete
唄,Shamisen Song
畔,Shore
倹,Thrifty
拷,Torture
醜,Ugly
渓,Valley
湧,Well
寡,Widow
慕
ぼ
Yearn For